"card_pt","audio_file"
"a vivenda","a-vivenda.mp3"
"a moradia","a-moradia.mp3"
"o prédio","o-predio.mp3"
"o loft","o-loft.mp3"
"o estúdio","o-estudio.mp3"
"o anexo","o-anexo.mp3"
"mobilado / não mobilado","mobilado-nao-mobilado.mp3"
"para venda","para-venda.mp3"
"para arrendar","para-arrendar.mp3"
"o sótão","o-sotao.mp3"
"a kitchenette","a-kitchenette.mp3"
"a marquise","a-marquise.mp3"
"o telhado","o-telhado.mp3"
"a arrecadação","a-arrecadacao.mp3"
"o muro","o-muro.mp3"
"a caixa do correio","a-caixa-do-correio.mp3"
"o terraço","o-terraco.mp3"
"a chaminé","a-chamine.mp3"
"os armários de cozinha","os-armarios-de-cozinha.mp3"
"o condomínio","o-condominio.mp3"
"o condómino / a condómina","o-condomino-a-condomina.mp3"
"ir ver um apartamento","ir-ver-um-apartamento.mp3"
"pagar a renda","pagar-a-renda.mp3"
"pagar o empréstimo","pagar-o-emprestimo.mp3"
"pagar a fatura do gás","pagar-a-fatura-do-gas.mp3"
"pagar a fatura da água","pagar-a-fatura-da-agua.mp3"
"pagar a fatura da eletricidade","pagar-a-fatura-da-eletricidade.mp3"
"o porteiro / a porteira","o-porteiro-a-porteira.mp3"
"o dono / a dona","o-dono-a-dona.mp3"
"a decoração","a-decoracao.mp3"
"decorar","decorar.mp3"
"o ambiente moderno","o-ambiente-moderno.mp3"
"o estilo clássico","o-estilo-classico.mp3"
"iluminar","iluminar.mp3"
"a iluminação","a-iluminacao.mp3"
"a cómoda","a-comoda.mp3"
"a manta","a-manta.mp3"
"a colcha","a-colcha.mp3"
"o edredão","o-edredao.mp3"
"o guardanapo","o-guardanapo.mp3"
"a travessa","a-travessa.mp3"
"o talher","o-talher.mp3"
"a rolha","a-rolha.mp3"
"a tijela","a-tijela.mp3"
"a pega","a-pega.mp3"
"o copo de vinho branco","o-copo-de-vinho-branco.mp3"
"o copo de vinho tinto","o-copo-de-vinho-tinto.mp3"
"o copo de água","o-copo-de-agua.mp3"
"o tapete","o-tapete.mp3"
"o candeeiro","o-candeeiro.mp3"
"o colchão","o-colchao.mp3"
"o espelho","o-espelho.mp3"
"o cortinado","o-cortinado.mp3"
"a alcatifa","a-alcatifa.mp3"
"o aquecimento central","o-aquecimento-central.mp3"
"a limpeza de áreas comuns","a-limpeza-de-areas-comuns.mp3"
"o vidrão","o-vidrao.mp3"
"o ecoponto","o-ecoponto.mp3"
"o contador","o-contador.mp3"
"o cano","o-cano.mp3"
"a botija (de gás)","a-botija.mp3"
"a leitura (do contador)","a-leitura.mp3"
"a lenha","a-lenha.mp3"
"a máquina de café","a-maquina-de-cafe.mp3"
"o grelhador","o-grelhador.mp3"
"a ventoinha","a-ventoinha.mp3"
"a máquina de secar roupa","a-maquina-de-secar-roupa.mp3"
"o exaustor","o-exaustor.mp3"
"o comando do portão da garagem","o-comando-do-portao-da-garagem.mp3"
"estar avariado","estar-avariado.mp3"
"programar (um eletrodoméstico)","programar.mp3"
"o cabo","o-cabo.mp3"
"a extensão","a-extensao.mp3"
